Logging to Google Drive failed: no Internet connection,2021-11-08 14:33:15
Logging to Google Drive failed: no Internet connection,2021-11-08 14:36:09
Logging to Google Drive failed: no Internet connection,2021-11-08 15:02:18
Logging to Google Drive failed: no Internet connection,2021-11-08 15:03:29
Logging to Google Drive failed: no Internet connection,2021-11-08 15:58:57
Logging to Google Drive failed: APIError,2021-11-15 15:22:38
Logging to Google Drive failed: APIError,2021-11-15 15:22:38
Logging to Google Drive failed: APIError,2021-11-15 15:22:39
Logging to Google Drive failed: APIError,2021-11-15 15:22:40
Logging to Google Drive failed: no Internet connection,2021-11-15 16:42:20
Logging to Google Drive failed: no Internet connection,2021-11-15 16:58:41
Logging to Google Drive failed: no Internet connection,2021-11-15 17:12:31
Logging to Google Drive failed: APIError,2021-11-16 18:13:22
Logging to Google Drive failed: APIError,2021-11-16 18:13:23
Logging to Google Drive failed: APIError,2021-11-16 18:13:23
Logging to Google Drive failed: APIError,2021-11-16 18:13:24
Logging to Google Drive failed: APIError,2021-11-16 18:13:25
Logging to Google Drive failed: APIError,2021-11-16 18:13:25
Logging to Google Drive failed: APIError,2021-11-16 18:13:26
Logging to Google Drive failed: APIError,2021-11-16 18:13:27
Logging to Google Drive failed: APIError,2021-11-30 13:15:30
Logging to Google Drive failed: APIError,2021-11-30 13:15:31
Logging to Google Drive failed: APIError,2021-11-30 13:15:32
Logging to Google Drive failed: APIError,2021-11-30 13:15:32
Logging to Google Drive failed: APIError,2021-11-30 13:15:35
Logging to Google Drive failed: APIError,2021-11-30 13:15:36
Logging to Google Drive failed: APIError,2021-11-30 13:15:37
Logging to Google Drive failed: APIError,2021-11-30 13:15:37
Logging to Google Drive failed: APIError,2021-11-30 13:15:38
Logging to Google Drive failed: APIError,2021-11-30 13:15:39
Logging to Google Drive failed: APIError,2021-11-30 13:15:39
Logging to Google Drive failed: APIError,2021-11-30 13:15:40
Logging to Google Drive failed: APIError,2021-11-30 13:15:40
Logging to Google Drive failed: APIError,2021-11-30 13:15:41
Logging to Google Drive failed: APIError,2021-11-30 13:15:42
Logging to Google Drive failed: APIError,2021-11-30 13:15:42
Logging to Google Drive failed: APIError,2021-11-30 14:18:29
Logging to Google Drive failed: APIError,2021-11-30 14:18:31
Logging to Google Drive failed: APIError,2021-11-30 14:18:31
Logging to Google Drive failed: APIError,2021-11-30 14:18:32
Logging to Google Drive failed: APIError,2021-11-30 14:18:32
Logging to Google Drive failed: APIError,2021-11-30 14:18:33
Logging to Google Drive failed: APIError,2021-11-30 14:18:34
Logging to Google Drive failed: APIError,2021-11-30 14:18:34
Logging to Google Drive failed: APIError,2021-11-30 14:18:35
Logging to Google Drive failed: APIError,2021-11-30 14:18:36
Logging to Google Drive failed: APIError,2021-12-02 12:36:43
Logging to Google Drive failed: APIError,2021-12-02 12:36:44
Logging to Google Drive failed: APIError,2021-12-02 12:36:45
Logging to Google Drive failed: APIError,2021-12-02 12:36:45
Logging to Google Drive failed: APIError,2021-12-02 12:36:46
Logging to Google Drive failed: APIError,2021-12-02 12:36:47
Logging to Google Drive failed: APIError,2021-12-02 12:36:47
Logging to Google Drive failed: APIError,2021-12-02 12:36:48
Logging to Google Drive failed: APIError,2021-12-02 12:36:48
Logging to Google Drive failed: APIError,2021-12-02 12:36:49
Logging to Google Drive failed: APIError,2021-12-02 12:36:50
Logging to Google Drive failed: APIError,2021-12-02 12:36:50
Logging to Google Drive failed: APIError,2021-12-02 12:36:51
Logging to Google Drive failed: APIError,2021-12-02 12:36:52
Logging to Google Drive failed: APIError,2021-12-02 12:36:52
Logging to Google Drive failed: APIError,2021-12-02 12:36:53
Logging to Google Drive failed: APIError,2021-12-02 12:36:54
Logging to Google Drive failed: APIError,2021-12-02 12:36:54
Logging to Google Drive failed: APIError,2021-12-02 12:36:55
Logging to Google Drive failed: APIError,2021-12-02 12:36:55
Logging to Google Drive failed: APIError,2021-12-02 12:36:56
Logging to Google Drive failed: APIError,2021-12-02 12:36:57
Logging to Google Drive failed: APIError,2021-12-02 12:36:57
Logging to Google Drive failed: APIError,2021-12-02 12:36:58
Logging to Google Drive failed: APIError,2021-12-02 12:37:43
Logging to Google Drive failed: APIError,2021-12-02 12:37:44
Logging to Google Drive failed: APIError,2021-12-02 12:37:44
Logging to Google Drive failed: APIError,2021-12-02 12:37:45
Logging to Google Drive failed: APIError,2021-12-02 12:37:51
Logging to Google Drive failed: APIError,2021-12-02 12:37:51
Logging to Google Drive failed: APIError,2021-12-02 12:37:52
Logging to Google Drive failed: APIError,2021-12-02 12:37:53
Logging to Google Drive failed: APIError,2021-12-02 12:37:53
Logging to Google Drive failed: APIError,2021-12-02 12:37:54
Logging to Google Drive failed: APIError,2021-12-02 12:37:54
Logging to Google Drive failed: APIError,2021-12-02 12:37:55
Logging to Google Drive failed: APIError,2021-12-02 12:37:56
Logging to Google Drive failed: APIError,2021-12-02 12:37:56
Logging to Google Drive failed: APIError,2021-12-02 12:37:57
Logging to Google Drive failed: APIError,2021-12-02 12:37:58
Logging to Google Drive failed: APIError,2021-12-02 13:01:40
Logging to Google Drive failed: APIError,2021-12-02 13:01:41
Logging to Google Drive failed: APIError,2021-12-02 13:01:41
Logging to Google Drive failed: APIError,2021-12-02 13:01:42
Logging to Google Drive failed: APIError,2021-12-02 13:01:42
Logging to Google Drive failed: APIError,2021-12-02 13:01:43
Logging to Google Drive failed: APIError,2021-12-02 13:01:44
Logging to Google Drive failed: APIError,2021-12-02 13:01:44
Logging to Google Drive failed: APIError,2021-12-02 13:01:45
Logging to Google Drive failed: APIError,2021-12-02 13:01:46
Logging to Google Drive failed: APIError,2021-12-02 13:01:46
Logging to Google Drive failed: APIError,2021-12-02 13:01:47
Logging to Google Drive failed: APIError,2021-12-02 13:02:33
Logging to Google Drive failed: APIError,2021-12-02 13:02:34
Logging to Google Drive failed: APIError,2021-12-02 13:02:34
Logging to Google Drive failed: APIError,2021-12-02 13:02:35
Logging to Google Drive failed: APIError,2021-12-02 13:02:35
Logging to Google Drive failed: APIError,2021-12-02 13:02:36
Logging to Google Drive failed: APIError,2021-12-02 13:02:37
Logging to Google Drive failed: APIError,2021-12-02 13:02:37
Logging to Google Drive failed: APIError,2021-12-02 13:02:38
Logging to Google Drive failed: APIError,2021-12-02 13:02:38
Logging to Google Drive failed: APIError,2021-12-02 13:02:39
Logging to Google Drive failed: APIError,2021-12-02 13:02:40
Logging to Google Drive failed: APIError,2021-12-02 13:02:42
Logging to Google Drive failed: APIError,2021-12-02 13:02:43
Logging to Google Drive failed: APIError,2021-12-02 13:03:37
Logging to Google Drive failed: APIError,2021-12-02 13:03:38
Logging to Google Drive failed: APIError,2021-12-02 13:03:38
Logging to Google Drive failed: APIError,2021-12-02 13:04:32
Logging to Google Drive failed: APIError,2021-12-02 13:04:34
Logging to Google Drive failed: APIError,2021-12-02 13:04:34
Logging to Google Drive failed: APIError,2021-12-02 13:04:35
Logging to Google Drive failed: APIError,2021-12-02 13:04:35
Logging to Google Drive failed: APIError,2021-12-02 13:04:36
Logging to Google Drive failed: APIError,2021-12-02 13:04:37
Logging to Google Drive failed: APIError,2021-12-02 13:04:37
Logging to Google Drive failed: APIError,2021-12-02 13:04:38
Logging to Google Drive failed: APIError,2021-12-02 13:04:39
Logging to Google Drive failed: APIError,2021-12-02 13:04:39
Logging to Google Drive failed: APIError,2021-12-02 13:04:40
Logging to Google Drive failed: APIError,2021-12-02 13:04:41
Logging to Google Drive failed: APIError,2021-12-02 13:04:41
Logging to Google Drive failed: APIError,2021-12-02 13:04:42
Logging to Google Drive failed: APIError,2021-12-02 13:04:43
Logging to Google Drive failed: APIError,2021-12-02 13:04:43
Logging to Google Drive failed: APIError,2021-12-02 13:04:44
Logging to Google Drive failed: APIError,2021-12-02 13:04:44
Logging to Google Drive failed: APIError,2021-12-02 13:04:45
Logging to Google Drive failed: APIError,2021-12-02 13:04:46
Logging to Google Drive failed: APIError,2021-12-02 13:04:47
Logging to Google Drive failed: APIError,2021-12-14 11:02:03
Logging to Google Drive failed: APIError,2021-12-14 11:02:04
Logging to Google Drive failed: APIError,2021-12-14 11:02:05
Logging to Google Drive failed: APIError,2021-12-14 11:02:05
Logging to Google Drive failed: APIError,2021-12-14 11:02:06
Logging to Google Drive failed: APIError,2021-12-14 11:02:06
Logging to Google Drive failed: APIError,2021-12-14 11:02:07
Logging to Google Drive failed: APIError,2021-12-14 11:02:08
Logging to Google Drive failed: APIError,2021-12-14 11:02:08
Logging to Google Drive failed: APIError,2021-12-14 11:02:09
Logging to Google Drive failed: APIError,2021-12-14 11:02:09
Logging to Google Drive failed: APIError,2021-12-14 11:02:10
Logging to Google Drive failed: APIError,2021-12-14 11:02:11
Logging to Google Drive failed: APIError,2021-12-14 11:02:11
Logging to Google Drive failed: APIError,2021-12-14 11:02:12
Logging to Google Drive failed: APIError,2021-12-14 11:02:13
Logging to Google Drive failed: APIError,2021-12-14 11:02:13
Logging to Google Drive failed: no Internet connection,2021-12-14 11:02:25
Logging to Google Drive failed: APIError,2021-12-14 11:03:12
Logging to Google Drive failed: APIError,2021-12-14 11:03:13
Logging to Google Drive failed: APIError,2021-12-14 11:03:13
Logging to Google Drive failed: APIError,2021-12-14 11:03:14
Logging to Google Drive failed: APIError,2021-12-14 11:03:56
Logging to Google Drive failed: no Internet connection,2021-12-14 11:29:27
Logging to Google Drive failed: APIError,2021-12-14 14:07:36
Logging to Google Drive failed: APIError,2021-12-14 14:07:38
Logging to Google Drive failed: APIError,2021-12-14 14:07:38
Logging to Google Drive failed: APIError,2021-12-14 14:07:39
Logging to Google Drive failed: APIError,2021-12-14 14:07:39
Logging to Google Drive failed: APIError,2021-12-14 14:07:40
Logging to Google Drive failed: APIError,2021-12-14 14:07:41
Logging to Google Drive failed: APIError,2021-12-14 14:07:41
Logging to Google Drive failed: APIError,2021-12-14 14:07:42
Logging to Google Drive failed: APIError,2021-12-14 14:07:43
Logging to Google Drive failed: APIError,2021-12-14 14:07:43
Logging to Google Drive failed: APIError,2021-12-14 14:07:44
Logging to Google Drive failed: APIError,2021-12-14 14:07:45
Logging to Google Drive failed: APIError,2021-12-14 14:07:45
Logging to Google Drive failed: APIError,2021-12-14 14:07:46
Logging to Google Drive failed: APIError,2021-12-14 14:07:46
Logging to Google Drive failed: no Internet connection,2021-12-14 14:45:09
Logging to Google Drive failed: no Internet connection,2021-12-14 14:46:41
Logging to Google Drive failed: no Internet connection,2021-12-14 14:48:38
Logging to Google Drive failed: APIError,2021-12-15 13:18:25
Logging to Google Drive failed: APIError,2021-12-15 13:18:26
Logging to Google Drive failed: APIError,2021-12-15 13:18:27
Logging to Google Drive failed: APIError,2021-12-15 13:18:27
Logging to Google Drive failed: APIError,2021-12-15 13:18:28
Logging to Google Drive failed: APIError,2021-12-15 13:18:29
Logging to Google Drive failed: APIError,2021-12-15 13:18:29
Logging to Google Drive failed: APIError,2021-12-15 13:18:30
Logging to Google Drive failed: APIError,2021-12-15 13:18:31
Logging to Google Drive failed: APIError,2021-12-15 13:18:31
Logging to Google Drive failed: APIError,2021-12-15 13:18:32
Logging to Google Drive failed: APIError,2021-12-15 13:18:33
Logging to Google Drive failed: APIError,2021-12-15 13:18:34
Logging to Google Drive failed: APIError,2021-12-15 13:18:34
Logging to Google Drive failed: APIError,2021-12-15 13:18:35
Logging to Google Drive failed: APIError,2021-12-15 13:18:36
Logging to Google Drive failed: APIError,2021-12-15 13:18:36
Logging to Google Drive failed: APIError,2021-12-15 13:18:37
Logging to Google Drive failed: no Internet connection,2021-12-15 13:19:12
Logging to Google Drive failed: APIError,2021-12-15 13:19:33
Logging to Google Drive failed: APIError,2021-12-15 13:22:20
Logging to Google Drive failed: APIError,2021-12-15 13:22:21
Logging to Google Drive failed: APIError,2021-12-15 13:22:22
Logging to Google Drive failed: APIError,2021-12-15 13:22:23
Logging to Google Drive failed: APIError,2021-12-15 13:22:23
Logging to Google Drive failed: APIError,2021-12-15 13:22:25
Logging to Google Drive failed: APIError,2021-12-15 13:22:26
Logging to Google Drive failed: APIError,2021-12-15 13:22:27
Logging to Google Drive failed: APIError,2021-12-15 13:22:27
Logging to Google Drive failed: APIError,2021-12-15 13:22:28
Logging to Google Drive failed: APIError,2021-12-15 13:22:29
Logging to Google Drive failed: APIError,2021-12-15 13:22:29
Logging to Google Drive failed: APIError,2021-12-15 13:22:30
Logging to Google Drive failed: APIError,2021-12-15 13:22:31
Logging to Google Drive failed: APIError,2021-12-15 13:22:31
Logging to Google Drive failed: APIError,2021-12-15 13:22:32
Logging to Google Drive failed: APIError,2021-12-15 13:22:33
Logging to Google Drive failed: APIError,2021-12-15 13:22:33
Logging to Google Drive failed: APIError,2021-12-15 13:22:34
Logging to Google Drive failed: APIError,2021-12-15 13:22:35
Logging to Google Drive failed: APIError,2021-12-15 13:22:35
Logging to Google Drive failed: APIError,2021-12-15 13:23:21
Logging to Google Drive failed: APIError,2021-12-15 13:23:21
Logging to Google Drive failed: APIError,2021-12-15 13:23:22
Logging to Google Drive failed: APIError,2021-12-15 13:23:23
Logging to Google Drive failed: APIError,2021-12-15 13:23:23
Logging to Google Drive failed: APIError,2021-12-15 13:23:24
Logging to Google Drive failed: APIError,2021-12-15 13:23:25
Logging to Google Drive failed: no Internet connection,2021-12-15 13:24:07
Logging to Google Drive failed: APIError,2021-12-15 13:25:19
Logging to Google Drive failed: APIError,2021-12-15 13:25:20
Logging to Google Drive failed: APIError,2021-12-15 13:25:21
Logging to Google Drive failed: APIError,2021-12-15 13:25:21
Logging to Google Drive failed: APIError,2021-12-15 13:25:22
Logging to Google Drive failed: APIError,2021-12-15 13:25:23
Logging to Google Drive failed: APIError,2021-12-15 13:25:23
Logging to Google Drive failed: APIError,2021-12-15 13:25:24
Logging to Google Drive failed: APIError,2021-12-15 13:25:25
Logging to Google Drive failed: APIError,2021-12-15 13:25:26
Logging to Google Drive failed: APIError,2021-12-15 13:25:26
Logging to Google Drive failed: APIError,2021-12-15 13:25:27
Logging to Google Drive failed: APIError,2021-12-15 13:25:28
Logging to Google Drive failed: APIError,2021-12-15 13:25:28
Logging to Google Drive failed: APIError,2021-12-15 13:25:29
Logging to Google Drive failed: APIError,2021-12-15 13:25:30
Logging to Google Drive failed: APIError,2021-12-15 13:25:30
Logging to Google Drive failed: APIError,2021-12-15 13:25:31
Logging to Google Drive failed: APIError,2021-12-15 13:25:32
Logging to Google Drive failed: APIError,2021-12-15 13:25:32
Logging to Google Drive failed: APIError,2021-12-15 13:25:33
Logging to Google Drive failed: APIError,2021-12-15 13:25:34
Logging to Google Drive failed: APIError,2021-12-15 13:25:34
Logging to Google Drive failed: APIError,2021-12-15 13:25:35
Logging to Google Drive failed: APIError,2021-12-15 13:25:36
Logging to Google Drive failed: APIError,2021-12-15 13:25:36
Logging to Google Drive failed: APIError,2021-12-15 13:26:34
Logging to Google Drive failed: APIError,2021-12-15 13:26:35
Logging to Google Drive failed: APIError,2021-12-15 13:26:36
Logging to Google Drive failed: APIError,2021-12-15 13:26:36
Logging to Google Drive failed: APIError,2021-12-15 13:27:29
Logging to Google Drive failed: APIError,2021-12-15 13:27:30
Logging to Google Drive failed: APIError,2021-12-15 13:27:30
Logging to Google Drive failed: APIError,2021-12-15 13:27:31
Logging to Google Drive failed: APIError,2021-12-15 13:27:32
Logging to Google Drive failed: APIError,2021-12-15 13:27:32
Logging to Google Drive failed: APIError,2021-12-15 13:27:33
Logging to Google Drive failed: APIError,2021-12-15 13:27:34
Logging to Google Drive failed: APIError,2021-12-15 13:27:34
Logging to Google Drive failed: APIError,2021-12-15 13:27:35
Logging to Google Drive failed: APIError,2021-12-15 13:27:36
Logging to Google Drive failed: APIError,2021-12-15 13:27:36
Logging to Google Drive failed: APIError,2021-12-15 13:28:22
Logging to Google Drive failed: APIError,2021-12-15 13:28:23
Logging to Google Drive failed: APIError,2021-12-15 13:28:23
Logging to Google Drive failed: APIError,2021-12-15 13:28:24
Logging to Google Drive failed: APIError,2021-12-15 13:28:25
Logging to Google Drive failed: APIError,2021-12-15 13:28:26
Logging to Google Drive failed: APIError,2021-12-15 13:28:26
Logging to Google Drive failed: APIError,2021-12-15 13:28:27
Logging to Google Drive failed: APIError,2021-12-15 13:28:27
Logging to Google Drive failed: APIError,2021-12-15 13:28:28
Logging to Google Drive failed: APIError,2021-12-15 13:28:29
Logging to Google Drive failed: APIError,2021-12-15 13:28:29
Logging to Google Drive failed: APIError,2021-12-15 13:28:30
Logging to Google Drive failed: APIError,2021-12-15 13:28:31
Logging to Google Drive failed: APIError,2021-12-15 13:28:32
Logging to Google Drive failed: APIError,2021-12-15 13:28:32
Logging to Google Drive failed: APIError,2021-12-15 13:28:33
Logging to Google Drive failed: APIError,2021-12-15 13:28:34
Logging to Google Drive failed: APIError,2021-12-15 13:28:34
Logging to Google Drive failed: APIError,2021-12-15 13:28:35
Logging to Google Drive failed: APIError,2021-12-15 13:28:36
Logging to Google Drive failed: APIError,2021-12-15 13:28:36
Logging to Google Drive failed: APIError,2021-12-15 13:28:37
Logging to Google Drive failed: APIError,2021-12-15 13:29:22
Logging to Google Drive failed: APIError,2021-12-15 13:29:23
Logging to Google Drive failed: APIError,2021-12-15 13:29:30
Logging to Google Drive failed: APIError,2021-12-15 13:29:31
Logging to Google Drive failed: APIError,2021-12-15 13:29:32
Logging to Google Drive failed: APIError,2021-12-15 13:29:32
Logging to Google Drive failed: APIError,2021-12-15 13:29:33
Logging to Google Drive failed: APIError,2021-12-15 13:29:34
Logging to Google Drive failed: APIError,2021-12-15 13:29:34
Logging to Google Drive failed: APIError,2021-12-15 13:29:35
Logging to Google Drive failed: no Internet connection,2021-12-15 13:29:40
Logging to Google Drive failed: APIError,2021-12-15 13:30:24
Logging to Google Drive failed: APIError,2021-12-15 13:30:25
Logging to Google Drive failed: APIError,2021-12-15 13:30:26
Logging to Google Drive failed: APIError,2021-12-15 13:30:26
Logging to Google Drive failed: APIError,2021-12-15 13:30:27
Logging to Google Drive failed: APIError,2021-12-15 13:30:28
Logging to Google Drive failed: APIError,2021-12-15 13:30:28
Logging to Google Drive failed: APIError,2021-12-15 13:30:29
Logging to Google Drive failed: APIError,2021-12-15 13:30:30
Logging to Google Drive failed: APIError,2021-12-15 13:30:30
Logging to Google Drive failed: APIError,2021-12-15 13:30:31
Logging to Google Drive failed: APIError,2021-12-15 13:30:32
Logging to Google Drive failed: APIError,2021-12-15 13:30:33
Logging to Google Drive failed: APIError,2021-12-15 13:30:33
Logging to Google Drive failed: APIError,2021-12-15 13:30:34
Logging to Google Drive failed: APIError,2021-12-15 13:30:35
Logging to Google Drive failed: APIError,2021-12-15 13:31:19
Logging to Google Drive failed: APIError,2021-12-15 13:31:20
Logging to Google Drive failed: APIError,2021-12-15 13:31:20
Logging to Google Drive failed: APIError,2021-12-15 13:31:21
Logging to Google Drive failed: APIError,2021-12-15 13:31:22
Logging to Google Drive failed: APIError,2021-12-15 13:31:22
Logging to Google Drive failed: APIError,2021-12-15 13:31:23
Logging to Google Drive failed: no Internet connection,2021-12-15 13:31:24
Logging to Google Drive failed: APIError,2021-12-15 13:31:26
Logging to Google Drive failed: APIError,2021-12-15 13:31:27
Logging to Google Drive failed: APIError,2021-12-15 13:31:27
Logging to Google Drive failed: APIError,2021-12-15 13:31:28
Logging to Google Drive failed: APIError,2021-12-15 13:31:29
Logging to Google Drive failed: APIError,2021-12-15 13:31:29
Logging to Google Drive failed: APIError,2021-12-15 13:31:30
Logging to Google Drive failed: APIError,2021-12-15 13:31:31
Logging to Google Drive failed: APIError,2021-12-15 13:31:31
Logging to Google Drive failed: APIError,2021-12-15 13:31:32
Logging to Google Drive failed: APIError,2021-12-15 13:31:32
Logging to Google Drive failed: APIError,2021-12-15 13:31:33
Logging to Google Drive failed: APIError,2021-12-15 13:31:34
Logging to Google Drive failed: APIError,2021-12-15 13:31:34
Logging to Google Drive failed: APIError,2021-12-15 13:31:35
Logging to Google Drive failed: APIError,2021-12-15 13:31:36
Logging to Google Drive failed: APIError,2021-12-15 13:32:21
Logging to Google Drive failed: APIError,2021-12-15 13:32:22
Logging to Google Drive failed: APIError,2021-12-15 13:32:23
Logging to Google Drive failed: APIError,2021-12-15 13:32:23
Logging to Google Drive failed: APIError,2021-12-15 13:32:24
Logging to Google Drive failed: APIError,2021-12-15 13:32:25
Logging to Google Drive failed: APIError,2021-12-15 13:32:25
Logging to Google Drive failed: APIError,2021-12-15 13:32:26
Logging to Google Drive failed: APIError,2021-12-15 13:32:27
Logging to Google Drive failed: APIError,2021-12-15 13:32:27
Logging to Google Drive failed: APIError,2021-12-15 13:32:28
Logging to Google Drive failed: APIError,2021-12-15 13:32:29
Logging to Google Drive failed: APIError,2021-12-15 13:32:30
Logging to Google Drive failed: APIError,2021-12-15 13:32:31
Logging to Google Drive failed: APIError,2021-12-15 13:32:32
Logging to Google Drive failed: APIError,2021-12-15 13:32:32
Logging to Google Drive failed: APIError,2021-12-15 13:32:33
Logging to Google Drive failed: APIError,2021-12-15 13:32:34
Logging to Google Drive failed: APIError,2021-12-15 13:32:34
Logging to Google Drive failed: APIError,2021-12-15 13:32:35
Logging to Google Drive failed: no Internet connection,2021-12-15 13:32:44
Logging to Google Drive failed: APIError,2021-12-15 13:33:23
Logging to Google Drive failed: APIError,2021-12-15 13:33:24
Logging to Google Drive failed: APIError,2021-12-15 13:33:25
Logging to Google Drive failed: APIError,2021-12-15 13:33:25
Logging to Google Drive failed: APIError,2021-12-15 13:33:26
Logging to Google Drive failed: APIError,2021-12-15 13:33:27
Logging to Google Drive failed: APIError,2021-12-15 13:33:27
Logging to Google Drive failed: APIError,2021-12-15 13:33:28
Logging to Google Drive failed: APIError,2021-12-15 13:33:29
Logging to Google Drive failed: APIError,2021-12-15 13:33:29
Logging to Google Drive failed: APIError,2021-12-15 13:33:30
Logging to Google Drive failed: APIError,2021-12-15 13:33:31
Logging to Google Drive failed: APIError,2021-12-15 13:33:31
Logging to Google Drive failed: APIError,2021-12-15 13:33:32
Logging to Google Drive failed: APIError,2021-12-15 13:33:33
Logging to Google Drive failed: APIError,2021-12-15 13:33:33
Logging to Google Drive failed: APIError,2021-12-15 13:33:34
Logging to Google Drive failed: APIError,2021-12-15 13:33:34
Logging to Google Drive failed: APIError,2021-12-15 13:33:35
Logging to Google Drive failed: APIError,2021-12-15 13:34:21
Logging to Google Drive failed: APIError,2021-12-15 13:34:22
Logging to Google Drive failed: APIError,2021-12-15 13:34:22
Logging to Google Drive failed: APIError,2021-12-15 13:34:23
Logging to Google Drive failed: APIError,2021-12-15 13:34:24
Logging to Google Drive failed: APIError,2021-12-15 13:34:24
Logging to Google Drive failed: APIError,2021-12-15 13:34:25
Logging to Google Drive failed: APIError,2021-12-15 13:34:26
Logging to Google Drive failed: APIError,2021-12-15 13:34:27
Logging to Google Drive failed: APIError,2021-12-15 13:34:27
Logging to Google Drive failed: APIError,2021-12-15 13:34:28
Logging to Google Drive failed: APIError,2021-12-15 13:34:29
Logging to Google Drive failed: APIError,2021-12-15 13:34:29
Logging to Google Drive failed: APIError,2021-12-15 13:34:30
Logging to Google Drive failed: APIError,2021-12-15 13:34:31
Logging to Google Drive failed: APIError,2021-12-15 13:34:31
Logging to Google Drive failed: APIError,2021-12-15 13:34:32
Logging to Google Drive failed: APIError,2021-12-15 13:34:33
Logging to Google Drive failed: APIError,2021-12-15 13:34:33
Logging to Google Drive failed: APIError,2021-12-15 13:34:34
Logging to Google Drive failed: APIError,2021-12-15 13:34:34
Logging to Google Drive failed: APIError,2021-12-15 13:34:35
Logging to Google Drive failed: APIError,2021-12-15 13:35:21
Logging to Google Drive failed: APIError,2021-12-15 13:35:22
Logging to Google Drive failed: APIError,2021-12-15 13:35:22
Logging to Google Drive failed: APIError,2021-12-15 13:35:23
Logging to Google Drive failed: APIError,2021-12-15 13:35:24
Logging to Google Drive failed: APIError,2021-12-15 13:35:24
Logging to Google Drive failed: APIError,2021-12-15 13:35:25
Logging to Google Drive failed: APIError,2021-12-15 13:35:26
Logging to Google Drive failed: APIError,2021-12-15 13:35:26
Logging to Google Drive failed: APIError,2021-12-15 13:35:27
Logging to Google Drive failed: APIError,2021-12-15 13:35:28
Logging to Google Drive failed: APIError,2021-12-15 13:35:28
Logging to Google Drive failed: APIError,2021-12-15 13:35:29
Logging to Google Drive failed: APIError,2021-12-15 13:35:29
Logging to Google Drive failed: no Internet connection,2021-12-15 13:35:30
Logging to Google Drive failed: APIError,2021-12-15 13:35:33
Logging to Google Drive failed: APIError,2021-12-15 13:36:21
Logging to Google Drive failed: APIError,2021-12-15 13:36:22
Logging to Google Drive failed: APIError,2021-12-15 13:36:23
Logging to Google Drive failed: APIError,2021-12-15 13:36:23
Logging to Google Drive failed: APIError,2021-12-15 13:36:24
Logging to Google Drive failed: APIError,2021-12-15 13:36:25
Logging to Google Drive failed: APIError,2021-12-15 13:36:25
Logging to Google Drive failed: APIError,2021-12-15 13:36:26
Logging to Google Drive failed: APIError,2021-12-15 13:36:27
Logging to Google Drive failed: APIError,2021-12-15 13:36:27
Logging to Google Drive failed: APIError,2021-12-15 13:36:28
Logging to Google Drive failed: APIError,2021-12-15 13:36:29
Logging to Google Drive failed: APIError,2021-12-15 13:36:30
Logging to Google Drive failed: APIError,2021-12-15 13:36:30
Logging to Google Drive failed: APIError,2021-12-15 13:36:31
Logging to Google Drive failed: APIError,2021-12-15 13:36:32
Logging to Google Drive failed: APIError,2021-12-15 13:36:32
Logging to Google Drive failed: APIError,2021-12-15 13:36:33
Logging to Google Drive failed: APIError,2021-12-15 13:36:34
Logging to Google Drive failed: APIError,2021-12-15 13:36:34
Logging to Google Drive failed: APIError,2021-12-15 13:36:35
Logging to Google Drive failed: APIError,2021-12-15 13:37:21
Logging to Google Drive failed: APIError,2021-12-15 13:37:22
Logging to Google Drive failed: APIError,2021-12-15 13:37:23
Logging to Google Drive failed: APIError,2021-12-15 13:37:23
Logging to Google Drive failed: APIError,2021-12-15 13:37:24
Logging to Google Drive failed: APIError,2021-12-15 13:37:25
Logging to Google Drive failed: APIError,2021-12-15 13:37:26
Logging to Google Drive failed: APIError,2021-12-15 13:37:26
Logging to Google Drive failed: APIError,2021-12-15 13:37:27
Logging to Google Drive failed: APIError,2021-12-15 13:37:28
Logging to Google Drive failed: APIError,2021-12-15 13:37:28
Logging to Google Drive failed: APIError,2021-12-15 13:37:29
Logging to Google Drive failed: APIError,2021-12-15 13:37:29
Logging to Google Drive failed: APIError,2021-12-15 13:37:30
Logging to Google Drive failed: APIError,2021-12-15 13:37:31
Logging to Google Drive failed: APIError,2021-12-15 13:37:31
Logging to Google Drive failed: APIError,2021-12-15 13:37:32
Logging to Google Drive failed: APIError,2021-12-15 13:37:33
Logging to Google Drive failed: APIError,2021-12-15 13:37:33
Logging to Google Drive failed: APIError,2021-12-15 13:37:34
Logging to Google Drive failed: APIError,2021-12-15 13:37:35
Logging to Google Drive failed: APIError,2021-12-15 13:37:36
Logging to Google Drive failed: APIError,2021-12-15 13:38:22
Logging to Google Drive failed: APIError,2021-12-15 13:38:23
Logging to Google Drive failed: APIError,2021-12-15 13:38:23
Logging to Google Drive failed: APIError,2021-12-15 13:38:24
Logging to Google Drive failed: APIError,2021-12-15 13:38:30
Logging to Google Drive failed: APIError,2021-12-15 13:38:30
Logging to Google Drive failed: APIError,2021-12-15 13:38:31
Logging to Google Drive failed: APIError,2021-12-15 13:38:32
Logging to Google Drive failed: APIError,2021-12-15 13:38:32
Logging to Google Drive failed: APIError,2021-12-15 13:38:33
Logging to Google Drive failed: APIError,2021-12-15 13:38:34
Logging to Google Drive failed: APIError,2021-12-15 13:38:34
Logging to Google Drive failed: no Internet connection,2021-12-15 13:38:35
Logging to Google Drive failed: no Internet connection,2021-12-15 13:38:46
Logging to Google Drive failed: APIError,2021-12-15 13:39:25
Logging to Google Drive failed: APIError,2021-12-15 13:39:26
Logging to Google Drive failed: APIError,2021-12-15 13:39:27
Logging to Google Drive failed: APIError,2021-12-15 13:39:27
Logging to Google Drive failed: APIError,2021-12-15 13:39:28
Logging to Google Drive failed: APIError,2021-12-15 13:39:29
Logging to Google Drive failed: APIError,2021-12-15 13:39:29
Logging to Google Drive failed: APIError,2021-12-15 13:39:30
Logging to Google Drive failed: APIError,2021-12-15 13:39:31
Logging to Google Drive failed: APIError,2021-12-15 13:39:32
Logging to Google Drive failed: APIError,2021-12-15 13:39:32
Logging to Google Drive failed: APIError,2021-12-15 13:39:33
Logging to Google Drive failed: APIError,2021-12-15 13:39:34
Logging to Google Drive failed: APIError,2021-12-15 13:39:34
Logging to Google Drive failed: APIError,2021-12-15 13:39:35
Logging to Google Drive failed: no Internet connection,2021-12-15 13:39:40
Logging to Google Drive failed: APIError,2021-12-15 13:40:23
Logging to Google Drive failed: APIError,2021-12-15 13:40:24
Logging to Google Drive failed: APIError,2021-12-15 13:40:25
Logging to Google Drive failed: APIError,2021-12-15 13:40:26
Logging to Google Drive failed: APIError,2021-12-15 13:40:26
Logging to Google Drive failed: APIError,2021-12-15 13:40:27
Logging to Google Drive failed: APIError,2021-12-15 13:40:28
Logging to Google Drive failed: APIError,2021-12-15 13:40:29
Logging to Google Drive failed: APIError,2021-12-15 13:40:29
Logging to Google Drive failed: no Internet connection,2021-12-15 13:40:30
Logging to Google Drive failed: APIError,2021-12-15 13:40:32
Logging to Google Drive failed: APIError,2021-12-15 13:40:33
Logging to Google Drive failed: APIError,2021-12-15 13:40:34
Logging to Google Drive failed: APIError,2021-12-15 13:40:34
Logging to Google Drive failed: APIError,2021-12-15 13:40:35
Logging to Google Drive failed: APIError,2021-12-15 13:41:19
Logging to Google Drive failed: APIError,2021-12-15 13:41:20
Logging to Google Drive failed: APIError,2021-12-15 13:41:21
Logging to Google Drive failed: APIError,2021-12-15 13:41:22
Logging to Google Drive failed: APIError,2021-12-15 13:41:22
Logging to Google Drive failed: APIError,2021-12-15 13:41:23
Logging to Google Drive failed: APIError,2021-12-15 13:41:24
Logging to Google Drive failed: APIError,2021-12-15 13:41:24
Logging to Google Drive failed: APIError,2021-12-15 13:41:25
Logging to Google Drive failed: APIError,2021-12-15 13:41:26
Logging to Google Drive failed: APIError,2021-12-15 13:41:27
Logging to Google Drive failed: APIError,2021-12-15 13:41:27
Logging to Google Drive failed: APIError,2021-12-15 13:41:28
Logging to Google Drive failed: APIError,2021-12-15 13:41:29
Logging to Google Drive failed: APIError,2021-12-15 13:41:30
Logging to Google Drive failed: APIError,2021-12-15 13:41:30
Logging to Google Drive failed: APIError,2021-12-15 13:41:31
Logging to Google Drive failed: APIError,2021-12-15 13:41:32
Logging to Google Drive failed: APIError,2021-12-15 13:41:32
Logging to Google Drive failed: APIError,2021-12-15 13:41:33
Logging to Google Drive failed: APIError,2021-12-15 13:41:34
Logging to Google Drive failed: APIError,2021-12-15 13:41:34
Logging to Google Drive failed: APIError,2021-12-15 13:41:35
Logging to Google Drive failed: APIError,2021-12-15 13:41:36
Logging to Google Drive failed: APIError,2021-12-15 13:41:36
Logging to Google Drive failed: APIError,2021-12-15 13:42:22
Logging to Google Drive failed: APIError,2021-12-15 13:42:23
Logging to Google Drive failed: APIError,2021-12-15 13:42:23
Logging to Google Drive failed: APIError,2021-12-15 13:42:24
Logging to Google Drive failed: APIError,2021-12-15 13:42:25
Logging to Google Drive failed: APIError,2021-12-15 13:42:25
Logging to Google Drive failed: no Internet connection,2021-12-15 13:42:26
Logging to Google Drive failed: APIError,2021-12-15 13:42:29
Logging to Google Drive failed: APIError,2021-12-15 13:42:29
Logging to Google Drive failed: APIError,2021-12-15 13:42:30
Logging to Google Drive failed: APIError,2021-12-15 13:42:31
Logging to Google Drive failed: APIError,2021-12-15 13:42:31
Logging to Google Drive failed: APIError,2021-12-15 13:42:32
Logging to Google Drive failed: APIError,2021-12-15 13:42:33
Logging to Google Drive failed: APIError,2021-12-15 13:42:33
Logging to Google Drive failed: APIError,2021-12-15 13:42:34
Logging to Google Drive failed: APIError,2021-12-15 13:42:35
Logging to Google Drive failed: APIError,2021-12-15 13:42:35
Logging to Google Drive failed: APIError,2021-12-15 13:42:36
Logging to Google Drive failed: APIError,2021-12-15 13:43:24
Logging to Google Drive failed: APIError,2021-12-15 13:43:26
Logging to Google Drive failed: APIError,2021-12-15 13:43:27
Logging to Google Drive failed: APIError,2021-12-15 13:43:27
Logging to Google Drive failed: APIError,2021-12-15 13:43:28
Logging to Google Drive failed: APIError,2021-12-15 13:43:28
Logging to Google Drive failed: APIError,2021-12-15 13:43:29
Logging to Google Drive failed: APIError,2021-12-15 13:43:30
Logging to Google Drive failed: APIError,2021-12-15 13:43:31
Logging to Google Drive failed: APIError,2021-12-15 13:43:32
Logging to Google Drive failed: APIError,2021-12-15 13:43:32
Logging to Google Drive failed: APIError,2021-12-15 13:43:33
Logging to Google Drive failed: APIError,2021-12-15 13:43:34
Logging to Google Drive failed: APIError,2021-12-15 13:43:34
Logging to Google Drive failed: APIError,2021-12-15 13:43:35
Logging to Google Drive failed: APIError,2021-12-15 13:43:35
Logging to Google Drive failed: APIError,2021-12-15 13:43:36
Logging to Google Drive failed: APIError,2021-12-15 13:44:22
Logging to Google Drive failed: APIError,2021-12-15 13:44:24
Logging to Google Drive failed: APIError,2021-12-15 13:44:25
Logging to Google Drive failed: APIError,2021-12-15 13:44:26
Logging to Google Drive failed: APIError,2021-12-15 13:44:26
Logging to Google Drive failed: APIError,2021-12-15 13:44:27
Logging to Google Drive failed: APIError,2021-12-15 13:44:28
Logging to Google Drive failed: APIError,2021-12-15 13:44:28
Logging to Google Drive failed: APIError,2021-12-15 13:44:29
Logging to Google Drive failed: APIError,2021-12-15 13:44:30
Logging to Google Drive failed: APIError,2021-12-15 13:44:30
Logging to Google Drive failed: APIError,2021-12-15 13:44:31
Logging to Google Drive failed: APIError,2021-12-15 13:44:32
Logging to Google Drive failed: APIError,2021-12-15 13:44:32
Logging to Google Drive failed: APIError,2021-12-15 13:44:33
Logging to Google Drive failed: APIError,2021-12-15 13:44:34
Logging to Google Drive failed: APIError,2021-12-15 13:44:35
Logging to Google Drive failed: APIError,2021-12-15 13:44:36
Logging to Google Drive failed: APIError,2021-12-15 13:44:36
Logging to Google Drive failed: APIError,2021-12-15 13:45:30
Logging to Google Drive failed: APIError,2021-12-15 13:45:31
Logging to Google Drive failed: APIError,2021-12-15 13:45:32
Logging to Google Drive failed: APIError,2021-12-15 13:45:32
Logging to Google Drive failed: APIError,2021-12-15 13:45:33
Logging to Google Drive failed: APIError,2021-12-15 13:45:34
Logging to Google Drive failed: APIError,2021-12-15 13:45:34
Logging to Google Drive failed: APIError,2021-12-15 13:45:35
Logging to Google Drive failed: APIError,2021-12-15 13:46:19
Logging to Google Drive failed: APIError,2021-12-15 13:46:20
Logging to Google Drive failed: APIError,2021-12-15 13:46:21
Logging to Google Drive failed: APIError,2021-12-15 13:46:21
Logging to Google Drive failed: APIError,2021-12-15 13:46:22
Logging to Google Drive failed: APIError,2021-12-15 13:46:23
Logging to Google Drive failed: APIError,2021-12-15 13:46:23
Logging to Google Drive failed: APIError,2021-12-15 13:46:24
Logging to Google Drive failed: APIError,2021-12-15 13:46:25
Logging to Google Drive failed: APIError,2021-12-15 13:46:25
Logging to Google Drive failed: APIError,2021-12-15 13:46:26
Logging to Google Drive failed: APIError,2021-12-15 13:47:24
Logging to Google Drive failed: APIError,2021-12-15 13:47:25
Logging to Google Drive failed: APIError,2021-12-15 13:47:26
Logging to Google Drive failed: APIError,2021-12-15 13:47:26
Logging to Google Drive failed: APIError,2021-12-15 13:47:27
Logging to Google Drive failed: APIError,2021-12-15 13:47:28
Logging to Google Drive failed: APIError,2021-12-15 13:47:28
Logging to Google Drive failed: APIError,2021-12-15 13:47:29
Logging to Google Drive failed: APIError,2021-12-15 13:47:30
Logging to Google Drive failed: APIError,2021-12-15 13:47:31
Logging to Google Drive failed: APIError,2021-12-15 13:47:32
Logging to Google Drive failed: APIError,2021-12-15 13:47:32
Logging to Google Drive failed: APIError,2021-12-15 13:47:33
Logging to Google Drive failed: APIError,2021-12-15 13:47:34
Logging to Google Drive failed: APIError,2021-12-15 13:47:34
Logging to Google Drive failed: APIError,2021-12-15 13:47:35
Logging to Google Drive failed: APIError,2021-12-15 13:47:35
Logging to Google Drive failed: APIError,2021-12-15 13:48:42
Logging to Google Drive failed: no Internet connection,2021-12-15 13:53:25
Logging to Google Drive failed: no Internet connection,2021-12-16 18:17:51
Logging to Google Drive failed: APIError,2021-12-16 18:48:53
Logging to Google Drive failed: APIError,2021-12-16 18:48:54
Logging to Google Drive failed: APIError,2021-12-16 18:48:55
Logging to Google Drive failed: APIError,2021-12-16 18:48:56
Logging to Google Drive failed: APIError,2021-12-16 18:48:59
Logging to Google Drive failed: APIError,2021-12-16 18:49:00
Logging to Google Drive failed: APIError,2021-12-16 18:49:00
Logging to Google Drive failed: APIError,2021-12-16 18:49:01
Logging to Google Drive failed: no Internet connection,2021-12-16 18:51:32
Logging to Google Drive failed: no Internet connection,2021-12-16 18:51:57
